Post_Date,Sklad,Amount,PricePerUnit,Num
2026-06-28,VISTA RICA CORPORATE,3532445829.78,13230.73,266987.9764593488
2026-06-29,VISTA RICA CORPORATE,3540536996.78,13261.03,266988.0843931429
2026-06-30,VISTA RICA CORPORATE,3542854943.22,13269.72,266987.9201083369
2026-07-01,VISTA RICA CORPORATE,3567847549.68,13361.45,267025.47625295154
2026-07-02,VISTA RICA CORPORATE,3581301107.62,13411.84,267025.3378820505
2026-07-03,VISTA RICA CORPORATE,3577498903.43,13397.6,267025.35554353014
2026-07-04,VISTA RICA CORPORATE,3577624386.34,13398.07,267025.35412488517
2026-07-05,VISTA RICA CORPORATE,3579007367.26,13403.25,267025.33842612803
2026-07-06,VISTA RICA CORPORATE,3586151030.17,13430.0,267025.39316232316
2026-07-07,VISTA RICA CORPORATE,3586972402.36,13433.08,267025.3138044291
2026-07-08,VISTA RICA CORPORATE,3587591396.12,13435.39,267025.4749672321
2026-07-09,VISTA RICA CORPORATE,3596259495.69,13467.85,267025.50857709284
2026-07-10,VISTA RICA CORPORATE,3604338303.01,13498.11,267025.40600202547
2026-07-11,VISTA RICA CORPORATE,3605024678.38,13500.68,267025.4148961386
2026-07-12,VISTA RICA CORPORATE,3604583784.1,13499.03,267025.3924985721
2026-07-13,VISTA RICA CORPORATE,3599858747.17,13481.33,267025.489856713
2026-07-14,VISTA RICA CORPORATE,3595546871.79,13465.19,267025.3350892189
2026-07-15,VISTA RICA CORPORATE,3619914427.25,13556.44,267025.44526807923
2026-07-16,VISTA RICA CORPORATE,3624966913.06,13549.15,267542.01651468914
2026-07-17,VISTA RICA CORPORATE,3613899585.07,13507.78,267542.08204975206
2026-07-18,VISTA RICA CORPORATE,3625431041.57,13550.88,267542.11103411735
2026-07-19,VISTA RICA CORPORATE,3630042353.39,13568.12,267542.02891704964
2026-07-20,VISTA RICA CORPORATE,3636164128.53,13591.0,267542.05934294756
2026-07-21,VISTA RICA CORPORATE,3643369428.91,13617.93,267542.0881815371
2026-07-22,VISTA RICA CORPORATE,3638707896.89,13600.51,267542.01841622114
2026-07-23,VISTA RICA CORPORATE,3620346681.8,13531.88,267542.0327256819
2026-07-24,VISTA RICA CORPORATE,3632594723.95,13577.66,267542.03036090167
2026-07-25,VISTA RICA CORPORATE,3636107249.71,13590.79,267542.00820629264
2026-07-26,VISTA RICA CORPORATE,3639748841.73,13604.4,267542.03358692775
2026-07-27,VISTA RICA CORPORATE,3655629216.13,13663.76,267541.9662032998
2026-07-28,VISTA RICA CORPORATE,3676001715.32,13739.9,267542.10113028483
2026-07-29,VISTA RICA CORPORATE,3687265173.05,13782.0,267542.0964337542
2026-07-30,VISTA RICA CORPORATE,3703537685.31,13842.82,267542.13991874486
2026-07-31,VISTA RICA CORPORATE,3706221663.34,13852.86,267541.98507311847
2026-08-01,VISTA RICA CORPORATE,3708712885.58,13862.17,267542.0143873578
2026-08-02,VISTA RICA CORPORATE,3711053014.43,13870.92,267541.9521149282
2026-08-03,VISTA RICA CORPORATE,3728300374.4,13935.38,267542.0673422612
2026-08-04,VISTA RICA CORPORATE,3741121959.47,13983.3,267542.1366537227
2026-08-05,VISTA RICA CORPORATE,3737492816.26,13992.17,267113.16516737576
2026-08-06,VISTA RICA CORPORATE,3737441936.2,13991.98,267113.1559793539
2026-08-07,VISTA RICA CORPORATE,3751367140.41,14044.11,267113.198373553
2026-08-08,VISTA RICA CORPORATE,3752909577.85,14049.88,267113.2833767975
2026-08-09,VISTA RICA CORPORATE,3753070812.81,14050.49,267113.1620897207
2026-08-10,VISTA RICA CORPORATE,3761044698.79,14080.34,267113.2017259526
2026-08-11,VISTA RICA CORPORATE,3767381920.78,14104.06,267113.29367430374
2026-08-12,VISTA RICA CORPORATE,3762902861.83,14087.29,267113.3242681878
2026-08-13,VISTA RICA CORPORATE,3750874166.07,14042.26,267113.28276716144
2026-08-14,VISTA RICA CORPORATE,3738623076.23,13996.4,267113.1916942928
2026-08-15,VISTA RICA CORPORATE,3736814934.57,13989.63,267113.2070376415
2026-08-16,VISTA RICA CORPORATE,3735618035.23,13985.15,267113.19043628423
2026-08-17,VISTA RICA CORPORATE,3731736995.26,13936.92,267759.0884686143
2026-08-18,VISTA RICA CORPORATE,3729383209.11,13928.13,267759.07527500106
2026-08-19,VISTA RICA CORPORATE,3749980801.97,14005.06,267758.9958179401
2026-08-20,VISTA RICA CORPORATE,3719699547.26,13996.3,265763.06218500604
2026-08-21,VISTA RICA CORPORATE,3727701166.47,14026.41,265763.02606796747
2026-08-22,VISTA RICA CORPORATE,3728620525.74,14029.87,265763.0131811627
2026-08-23,VISTA RICA CORPORATE,3728783767.13,14030.48,265763.0934315861
2026-08-24,VISTA RICA CORPORATE,3730730728.07,14037.81,265763.01631593535
2026-08-25,VISTA RICA CORPORATE,3729957426.35,14072.53,265052.36985460325
2026-08-26,VISTA RICA CORPORATE,3724853096.35,14053.27,265052.4110296038
2026-08-27,VISTA RICA CORPORATE,3727100414.15,14061.75,265052.38780023827
2026-08-28,VISTA RICA CORPORATE,3726477690.25,14059.4,265052.3984131613
2026-08-29,VISTA RICA CORPORATE,3725278119.22,14054.87,265052.4778400654
2026-08-30,VISTA RICA CORPORATE,3724095994.27,14050.41,265052.47848781635
2026-08-31,VISTA RICA CORPORATE,3719376687.07,14032.61,265052.38063838443
2026-09-01,VISTA RICA CORPORATE,3708482986.7,13991.51,265052.37724162725
2026-09-02,VISTA RICA CORPORATE,3717074239.37,14023.92,265052.44178303925
2026-09-03,VISTA RICA CORPORATE,3715568682.37,14018.24,265052.4375649154
2026-09-04,VISTA RICA CORPORATE,3709206166.62,13994.24,265052.34772449237
2026-09-05,VISTA RICA CORPORATE,3709388966.68,13994.93,265052.34157512756
2026-09-06,VISTA RICA CORPORATE,3709570694.53,13995.61,265052.44819839933
2026-09-07,VISTA RICA CORPORATE,3712368451.95,14006.17,265052.3627765477
2026-09-08,VISTA RICA CORPORATE,3704451884.55,13976.3,265052.4018910585
2026-09-09,VISTA RICA CORPORATE,3700901080.19,13961.02,265088.15832868946
2026-09-10,VISTA RICA CORPORATE,3692325043.77,13928.67,265088.1271341772
2026-09-11,VISTA RICA CORPORATE,3710477905.48,13997.14,265088.2898563564
2026-09-12,VISTA RICA CORPORATE,3716713022.54,14020.67,265088.117938729
2026-09-13,VISTA RICA CORPORATE,3706941840.49,13983.8,265088.30507372814
2026-09-14,VISTA RICA CORPORATE,3707952842.38,13987.62,265088.1881535243
2026-09-15,VISTA RICA CORPORATE,3697474436.65,13948.09,265088.2261764872
2026-09-16,VISTA RICA CORPORATE,3690060636.05,13920.12,265088.2776908532
2026-09-17,VISTA RICA CORPORATE,3701401385.09,13962.9,265088.29720831633
2026-09-18,VISTA RICA CORPORATE,3708644874.16,13952.51,265804.8533317661
2026-09-19,VISTA RICA CORPORATE,3710171661.76,13958.25,265804.92982716317
2026-09-20,VISTA RICA CORPORATE,3710972466.03,13961.26,265804.9822172211
2026-09-21,VISTA RICA CORPORATE,3716048253.34,13980.36,265804.9044044645
2026-09-22,VISTA RICA CORPORATE,3694552534.47,13970.89,264446.4693709563
2026-09-23,VISTA RICA CORPORATE,3662175141.68,13969.74,262150.55839836673
2026-09-24,VISTA RICA CORPORATE,3664514388.25,13978.66,262150.6201774705
2026-09-25,VISTA RICA CORPORATE,3669836291.42,13998.96,262150.6377202307
2026-09-26,VISTA RICA CORPORATE,3674892963.17,14018.25,262150.62245073385
2026-09-27,VISTA RICA CORPORATE,3672377217.23,14008.66,262150.49956455507
2026-09-28,VISTA RICA CORPORATE,3662746470.27,13971.92,262150.54697350116
2026-09-29,VISTA RICA CORPORATE,3671536470.43,14005.45,262150.5535652192
2026-09-30,VISTA RICA CORPORATE,3680665702.02,14002.13,262864.7000149263
2026-10-01,VISTA RICA CORPORATE,3676270081.3,13985.4,262864.8505798905
2026-10-02,VISTA RICA CORPORATE,3680089177.06,13999.93,262864.8269712777
2026-10-03,VISTA RICA CORPORATE,3679665058.46,13998.32,262864.7622328965
2026-10-04,VISTA RICA CORPORATE,3679855534.81,13999.04,262864.8489332125
2026-10-05,VISTA RICA CORPORATE,3689583483.06,14036.05,262864.8005001407
2026-06-28,VISTA RICA INVEST,6944516395.21,14641.84,474292.60224193137
2026-06-29,VISTA RICA INVEST,6960810321.47,14676.2,474292.4136677069
2026-06-30,VISTA RICA INVEST,6970051546.85,14684.57,474651.3889647433
2026-07-01,VISTA RICA INVEST,7022854963.73,14794.61,474690.10428324906
2026-07-02,VISTA RICA INVEST,7048909480.13,14849.55,474688.42356367706
2026-07-03,VISTA RICA INVEST,7041057560.36,14832.93,474690.94510390057
2026-07-04,VISTA RICA INVEST,7041146652.53,14833.11,474691.1910266963
2026-07-05,VISTA RICA INVEST,7043922458.92,14838.96,474691.1143988528
2026-07-06,VISTA RICA INVEST,7058786612.03,14870.27,474691.2202690334
2026-07-07,VISTA RICA INVEST,7060969623.16,14874.87,474691.1820513389
2026-07-08,VISTA RICA INVEST,7060702708.06,14874.31,474691.1089025306
2026-07-09,VISTA RICA INVEST,7079494109.67,14913.62,474699.91254101956
2026-07-10,VISTA RICA INVEST,7097876859.66,14950.23,474767.06777487707
2026-07-11,VISTA RICA INVEST,7099323529.06,14953.28,474766.97614570183
2026-07-12,VISTA RICA INVEST,7098174339.22,14950.86,474766.9591729171
2026-07-13,VISTA RICA INVEST,7088547773.02,14930.48,474770.25340243586
2026-07-14,VISTA RICA INVEST,7080905154.63,14914.38,474770.33270105766
2026-07-15,VISTA RICA INVEST,7134710864.04,15026.45,474810.1423849279
2026-07-16,VISTA RICA INVEST,7130490168.32,15017.37,474816.17409173504
2026-07-17,VISTA RICA INVEST,7107946422.57,14969.63,474824.456086757
2026-07-18,VISTA RICA INVEST,7132270216.31,15020.86,474824.3586791968
2026-07-19,VISTA RICA INVEST,7141953953.8,15041.25,474824.49622205604
2026-07-20,VISTA RICA INVEST,7155638070.22,15070.07,474824.47461889696
2026-07-21,VISTA RICA INVEST,7170857903.03,15102.12,474824.58774198586
2026-07-22,VISTA RICA INVEST,7160872164.27,15081.09,474824.5759603583
2026-07-23,VISTA RICA INVEST,7121458957.13,14998.09,474824.39144784433
2026-07-24,VISTA RICA INVEST,7145577591.23,15048.88,474824.5444996571
2026-07-25,VISTA RICA INVEST,7152677276.79,15063.83,474824.6147752597
2026-07-26,VISTA RICA INVEST,7159952069.6,15079.16,474824.3317001743
2026-07-27,VISTA RICA INVEST,7193105010.51,15148.98,474824.37830863864
2026-07-28,VISTA RICA INVEST,7234170274.9,15235.46,474824.5392590706
2026-07-29,VISTA RICA INVEST,7255922325.99,15281.27,474824.56143959233
2026-07-30,VISTA RICA INVEST,7296489222.09,15360.97,475001.8535346401
2026-07-31,VISTA RICA INVEST,7303493329.01,15375.41,475011.2893906569
2026-08-01,VISTA RICA INVEST,7307963757.85,15384.82,475011.3266096061
2026-08-02,VISTA RICA INVEST,7312417446.65,15394.2,475011.2020533707
2026-08-03,VISTA RICA INVEST,7349139076.66,15471.35,475016.0184250243
2026-08-04,VISTA RICA INVEST,7378059248.77,15532.23,475016.09548467933
2026-08-05,VISTA RICA INVEST,7380752187.39,15537.48,475028.90992554784
2026-08-06,VISTA RICA INVEST,7380987636.42,15537.34,475048.3439520536
2026-08-07,VISTA RICA INVEST,7410062370.3,15598.55,475048.15321295895
2026-08-08,VISTA RICA INVEST,7413117510.41,15604.98,475048.19041165063
2026-08-09,VISTA RICA INVEST,7413339665.5,15605.45,475048.1187982403
2026-08-10,VISTA RICA INVEST,7430669532.62,15641.99,475046.3037388465
2026-08-11,VISTA RICA INVEST,7441515147.85,15664.73,475049.0527350296
2026-08-12,VISTA RICA INVEST,7431798574.22,15644.28,475048.9363665186
2026-08-13,VISTA RICA INVEST,7407277231.6,15592.55,475052.3315044685
2026-08-14,VISTA RICA INVEST,7381821262.44,15539.06,475049.4085510964
2026-08-15,VISTA RICA INVEST,7377854686.01,15530.71,475049.4140969731
2026-08-16,VISTA RICA INVEST,7375264317.24,15525.25,475049.6331614628
2026-08-17,VISTA RICA INVEST,7347487061.77,15466.77,475049.8689622979
2026-08-18,VISTA RICA INVEST,7341586457.29,15454.35,475049.83757259283
2026-08-19,VISTA RICA INVEST,7384608603.74,15544.6,475059.416372245
2026-08-20,VISTA RICA INVEST,7379735456.62,15534.34,475059.4783312326
2026-08-21,VISTA RICA INVEST,7397101200.55,15570.89,475059.6273270186
2026-08-22,VISTA RICA INVEST,7398792326.38,15574.45,475059.6217766919
2026-08-23,VISTA RICA INVEST,7399029701.15,15574.95,475059.6118221888
2026-08-24,VISTA RICA INVEST,7403297178.88,15583.93,475059.70438008895
2026-08-25,VISTA RICA INVEST,7421310159.76,15621.85,475059.6222444845
2026-08-26,VISTA RICA INVEST,7411316399.38,15600.82,475059.4135039056
2026-08-27,VISTA RICA INVEST,7420946277.06,15616.03,475213.3722245667
2026-08-28,VISTA RICA INVEST,7420802590.41,15615.73,475213.3003330616
2026-08-29,VISTA RICA INVEST,7418243670.95,15610.35,475213.15479473554
2026-08-30,VISTA RICA INVEST,7415656813.35,15604.9,475213.3505084942
2026-08-31,VISTA RICA INVEST,7404612869.69,15581.61,475214.8763632256
2026-09-01,VISTA RICA INVEST,7387278663.34,15535.16,475519.96009954193
2026-09-02,VISTA RICA INVEST,7404238576.3,15570.83,475519.8391029894
2026-09-03,VISTA RICA INVEST,7402945219.8,15567.69,475532.6718222164
2026-09-04,VISTA RICA INVEST,7394723304.52,15539.88,475854.5950496401
2026-09-05,VISTA RICA INVEST,7395014354.21,15540.49,475854.6451373155
2026-09-06,VISTA RICA INVEST,7395305253.56,15541.1,475854.6855473551
2026-09-07,VISTA RICA INVEST,7400564452.25,15552.11,475855.97402860445
2026-09-08,VISTA RICA INVEST,7384951906.87,15519.31,475855.68603694363
2026-09-09,VISTA RICA INVEST,7393638668.94,15501.89,476950.7891579672
2026-09-10,VISTA RICA INVEST,7377606730.49,15466.71,476999.0987411027
2026-09-11,VISTA RICA INVEST,7415410774.98,15545.96,476999.218766805
2026-09-12,VISTA RICA INVEST,7428332029.28,15573.05,476999.1767367343
2026-09-13,VISTA RICA INVEST,7407623531.56,15529.64,476999.0503038062
2026-09-14,VISTA RICA INVEST,7409649483.05,15533.78,477002.3447641205
2026-09-15,VISTA RICA INVEST,7387806432.13,15487.99,477002.2728662661
2026-09-16,VISTA RICA INVEST,7372972835.1,15456.73,477007.28647650575
2026-09-17,VISTA RICA INVEST,7396148617.53,15504.58,477029.9239018406
2026-09-18,VISTA RICA INVEST,7390790815.99,15493.04,477039.4200227973
2026-09-19,VISTA RICA INVEST,7393841967.04,15499.43,477039.60513644695
2026-09-20,VISTA RICA INVEST,7395467330.84,15502.84,477039.5186198142
2026-09-21,VISTA RICA INVEST,7407666683.91,15528.41,477039.61216312554
2026-09-22,VISTA RICA INVEST,7402522765.72,15517.64,477039.21251685184
2026-09-23,VISTA RICA INVEST,7402304686.54,15517.21,477038.37781018624
2026-09-24,VISTA RICA INVEST,7409745102.08,15527.83,477191.28185200377
2026-09-25,VISTA RICA INVEST,7423229934.98,15551.69,477326.2542514672
2026-09-26,VISTA RICA INVEST,7433531095.22,15573.27,477326.2837682773
2026-09-27,VISTA RICA INVEST,7428078790.1,15561.85,477326.2041531052
2026-09-28,VISTA RICA INVEST,7408172587.0,15520.14,477326.40214585693
2026-09-29,VISTA RICA INVEST,7428671089.3,15558.06,477480.5528002849
2026-09-30,VISTA RICA INVEST,7427374013.34,15555.35,477480.35327652545
2026-10-01,VISTA RICA INVEST,7419424671.15,15538.44,477488.38822623115
2026-10-02,VISTA RICA INVEST,7427467989.31,15555.08,477494.6827216575
2026-10-03,VISTA RICA INVEST,7426403511.22,15552.85,477494.70426449174
2026-10-04,VISTA RICA INVEST,7426738827.5,15553.55,477494.77305824077
2026-10-05,VISTA RICA INVEST,7447011303.01,15595.8,477501.07740609656
2026-06-28,VISTA CASH,1847670859.58,11033.25,167463.88050483764
2026-06-29,VISTA CASH,1833985842.03,11042.03,166091.36563023285
2026-06-30,VISTA CASH,1835046819.92,11048.42,166091.33431929635
2026-07-01,VISTA CASH,1829616101.07,11062.34,165391.41818729127
2026-07-02,VISTA CASH,1830469335.26,11067.14,165396.78139609692
2026-07-03,VISTA CASH,1841364496.02,11072.55,166299.94861346303
2026-07-04,VISTA CASH,1841462709.8,11073.14,166299.95735626933
2026-07-05,VISTA CASH,1842294912.57,11078.15,166299.8706977248
2026-07-06,VISTA CASH,1843262655.03,11083.97,166299.85961979328
2026-07-07,VISTA CASH,1843324983.8,11084.34,166299.93159719027
2026-07-08,VISTA CASH,1495615785.65,11098.48,134758.61430123766
2026-07-09,VISTA CASH,1496109228.48,11102.06,134759.6057380342
2026-07-10,VISTA CASH,1498770234.2,11103.21,134985.3091313233
2026-07-11,VISTA CASH,1499268945.78,11106.9,134985.3645733733
2026-07-12,VISTA CASH,1499043007.45,11105.23,134985.3183995289
2026-07-13,VISTA CASH,1094265856.9,11086.97,98698.36906747292
2026-07-14,VISTA CASH,1092962805.16,11073.77,98698.34800253212
2026-07-15,VISTA CASH,1101198766.98,11157.21,98698.39923959486
2026-07-16,VISTA CASH,1102656931.72,11171.99,98698.3457486088
2026-07-17,VISTA CASH,1104571051.93,11191.35,98698.64242741046
2026-07-18,VISTA CASH,1110757594.14,11254.03,98698.65231743651
2026-07-19,VISTA CASH,1113194114.77,11278.72,98698.62136572236
2026-07-20,VISTA CASH,1114929288.7,11296.3,98698.6259837292
2026-07-21,VISTA CASH,1117084224.72,11318.13,98698.6564671019
2026-07-22,VISTA CASH,1119839864.45,11346.05,98698.65410869863
2026-07-23,VISTA CASH,1121169994.74,11359.53,98698.6252723484
2026-07-24,VISTA CASH,1122752116.06,11375.56,98698.62372138163
2026-07-25,VISTA CASH,1124452548.35,11392.78,98698.69762691809
2026-07-26,VISTA CASH,1126075409.12,11409.23,98698.63339769642
2026-07-27,VISTA CASH,1117386132.92,11425.74,97795.51546945756
2026-07-28,VISTA CASH,1119651204.52,11452.21,97767.2610369527
2026-07-29,VISTA CASH,1124860913.5,11505.5,97767.23423580026
2026-07-30,VISTA CASH,1128165254.38,11539.29,97767.30235395765
2026-07-31,VISTA CASH,1128829007.07,11546.08,97767.29479355764
2026-08-01,VISTA CASH,1129823467.01,11556.26,97767.22460467313
2026-08-02,VISTA CASH,1130896335.36,11567.23,97767.25589099551
2026-08-03,VISTA CASH,1131319389.11,11570.74,97774.1604348555
2026-08-04,VISTA CASH,1131803719.75,11575.69,97774.19054501287
2026-08-05,VISTA CASH,1132324549.67,11581.02,97774.16407794823
2026-08-06,VISTA CASH,1139504612.41,11582.86,98378.51898494844
2026-08-07,VISTA CASH,1139445128.14,11582.25,98378.56445336615
2026-08-08,VISTA CASH,1140224779.51,11590.18,98378.52212045024
2026-08-09,VISTA CASH,1140306461.46,11591.01,98378.52451684538
2026-08-10,VISTA CASH,1140320552.03,11591.15,98378.55191503862
2026-08-11,VISTA CASH,1144337249.74,11631.98,98378.54344144334
2026-08-12,VISTA CASH,1141216968.3,11651.08,97949.45775842239
2026-08-13,VISTA CASH,1131634928.72,11553.25,97949.48856122736
2026-08-14,VISTA CASH,1126656831.47,11500.39,97966.8369046615
2026-08-15,VISTA CASH,1125666330.6,11490.28,97966.8320180187
2026-08-16,VISTA CASH,1125054332.47,11484.03,97966.85766843172
2026-08-17,VISTA CASH,1125111228.3,11484.61,97966.86420348623
2026-08-18,VISTA CASH,1124450094.7,11478.37,97962.523833959
2026-08-19,VISTA CASH,1027604980.78,11510.58,89274.82201418173
2026-08-20,VISTA CASH,1028834106.29,11527.57,89249.8684709787
2026-08-21,VISTA CASH,1030891424.11,11550.63,89249.80058317166
2026-08-22,VISTA CASH,1031267742.1,11554.84,89249.85046093239
2026-08-23,VISTA CASH,1031331130.45,11555.55,89249.85227444822
2026-08-24,VISTA CASH,1031423657.22,11556.59,89249.82691434065
2026-08-25,VISTA CASH,1031532878.85,11557.81,89249.85605837092
2026-08-26,VISTA CASH,1031638624.53,11559.0,89249.81611990657
2026-08-27,VISTA CASH,1027154636.31,11508.76,89249.80938954327
2026-08-28,VISTA CASH,1026200770.49,11498.07,89249.82805723048
2026-08-29,VISTA CASH,1025711359.25,11491.46,89258.57630362026
2026-08-30,VISTA CASH,1025123783.78,11484.88,89258.55418428403
2026-08-31,VISTA CASH,1024642605.04,11479.44,89258.93641501675
2026-09-01,VISTA CASH,1120304332.52,11475.28,97627.62499215704
2026-09-02,VISTA CASH,1120025003.45,11472.4,97627.78524545867
2026-09-03,VISTA CASH,1069980132.58,11471.94,93269.32781900882
2026-09-04,VISTA CASH,1077660351.57,11446.42,94148.2447411505
2026-09-05,VISTA CASH,1077737737.85,11447.24,94148.26087773121
2026-09-06,VISTA CASH,1077814172.69,11448.05,94148.2761422251
2026-09-07,VISTA CASH,1078731979.99,11457.27,94152.61925310305
2026-09-08,VISTA CASH,1078957655.15,11458.6,94161.3857844763
2026-09-09,VISTA CASH,1079004500.58,11459.1,94161.36525381573
2026-09-10,VISTA CASH,1079187635.88,11461.05,94161.3234284817
2026-09-11,VISTA CASH,1086309968.81,11536.69,94161.3208649968
2026-09-12,VISTA CASH,1089389398.92,11569.39,94161.35154230258
2026-09-13,VISTA CASH,1084399503.49,11516.4,94161.32675923032
2026-09-14,VISTA CASH,1089452785.05,11485.1,94857.92766715135
2026-09-15,VISTA CASH,1087365069.95,11462.04,94866.62670432139
2026-09-16,VISTA CASH,1086404285.01,11451.88,94866.89390824913
2026-09-17,VISTA CASH,1087864831.06,11467.27,94866.94139581609
2026-09-18,VISTA CASH,1088641735.95,11475.46,94866.93657160585
2026-09-19,VISTA CASH,1089365712.58,11483.09,94866.94892925161
2026-09-20,VISTA CASH,1089819531.83,11487.88,94866.89727173334
2026-09-21,VISTA CASH,1090187993.69,11491.76,94866.9301908498
2026-09-22,VISTA CASH,1090350692.1,11493.48,94866.88906232055
2026-09-23,VISTA CASH,1092680657.49,11518.04,94866.89206583759
2026-09-24,VISTA CASH,1093726099.52,11529.06,94866.89283601612
2026-09-25,VISTA CASH,1094808205.27,11540.46,94866.94683487488
2026-09-26,VISTA CASH,1097127882.25,11564.91,94866.96241042948
2026-09-27,VISTA CASH,1095883540.31,11551.8,94866.90734863831
2026-09-28,VISTA CASH,1091591855.45,11548.72,94520.59236434862
2026-09-29,VISTA CASH,1083127759.78,11571.91,93599.73934985668
2026-09-30,VISTA CASH,1103961872.65,11571.45,95403.93577727943
2026-10-01,VISTA CASH,1103897992.43,11570.78,95403.93927029984
2026-10-02,VISTA CASH,1118912708.92,11570.94,96700.24292926936
2026-10-03,VISTA CASH,1118619240.37,11567.9,96700.28616862178
2026-10-04,VISTA CASH,1118699059.47,11568.73,96700.2479502936
2026-10-05,VISTA CASH,1118347691.02,11565.08,96700.38521307246
2026-06-28,VISTA EURO CASH,2110214043.26,13279.35,158909.43783091792
2026-06-29,VISTA EURO CASH,2111331628.91,13286.39,158909.3522702555
2026-06-30,VISTA EURO CASH,2112100391.87,13291.23,158909.32531225478
2026-07-01,VISTA EURO CASH,2113883805.22,13302.45,158909.3591947348
2026-07-02,VISTA EURO CASH,2118785096.56,13333.29,158909.39869754575
2026-07-03,VISTA EURO CASH,2119361714.89,13336.92,158909.3819929939
2026-07-04,VISTA EURO CASH,2119540895.96,13338.05,158909.35301337152
2026-07-05,VISTA EURO CASH,2120239797.17,13342.45,158909.33053299805
2026-07-06,VISTA EURO CASH,1931287070.75,13346.56,144702.98494518438
2026-07-07,VISTA EURO CASH,1931382241.72,13347.22,144702.959996164
2026-07-08,VISTA EURO CASH,1933415637.06,13361.27,144702.98385258287
2026-07-09,VISTA EURO CASH,1933749829.14,13363.37,144705.25242809262
2026-07-10,VISTA EURO CASH,1836472877.1,13364.91,137410.04444474372
2026-07-11,VISTA EURO CASH,1837068273.15,13369.25,137409.9723731698
2026-07-12,VISTA EURO CASH,1836808477.15,13367.36,137409.9655541558
2026-07-13,VISTA EURO CASH,1823481100.99,13356.92,136519.5794382238
2026-07-14,VISTA EURO CASH,1822744064.16,13351.52,136519.59208839142
2026-07-15,VISTA EURO CASH,1832055814.78,13411.15,136606.91400662882
2026-07-16,VISTA EURO CASH,1833588707.52,13422.37,136606.92616281623
2026-07-17,VISTA EURO CASH,1835184282.87,13434.05,136606.92664311954
2026-07-18,VISTA EURO CASH,1840784342.32,13475.04,136606.96683052517
2026-07-19,VISTA EURO CASH,1842965920.02,13491.01,136606.96419467483
2026-07-20,VISTA EURO CASH,1844842821.34,13502.55,136629.21606215122
2026-07-21,VISTA EURO CASH,1846736293.57,13516.41,136629.20062131883
2026-07-22,VISTA EURO CASH,1849138933.81,13534.0,136629.15130855623
2026-07-23,VISTA EURO CASH,1850275343.82,13542.31,136629.22675821185
2026-07-24,VISTA EURO CASH,1851548714.43,13551.63,136629.22574111013
2026-07-25,VISTA EURO CASH,1852842246.76,13561.1,136629.20019467446
2026-07-26,VISTA EURO CASH,1853791272.79,13568.05,136629.15988590845
2026-07-27,VISTA EURO CASH,1853616148.23,13575.06,136545.705744947
2026-07-28,VISTA EURO CASH,1855156366.95,13586.34,136545.70450540763
2026-07-29,VISTA EURO CASH,1864330363.25,13653.53,136545.6671827725
2026-07-30,VISTA EURO CASH,1865661467.92,13663.27,136545.7513406381
2026-07-31,VISTA EURO CASH,1865199795.96,13659.89,136545.74055574386
2026-08-01,VISTA EURO CASH,1865446758.32,13661.7,136545.72698273274
2026-08-02,VISTA EURO CASH,1866112768.44,13666.58,136545.70261469952
2026-08-03,VISTA EURO CASH,1866202652.86,13667.24,136545.6853658822
2026-08-04,VISTA EURO CASH,1866192899.73,13667.17,136545.67110308865
2026-08-05,VISTA EURO CASH,1867144327.03,13672.41,136562.92687463292
2026-08-06,VISTA EURO CASH,1867118498.83,13672.23,136562.83567713533
2026-08-07,VISTA EURO CASH,1867091642.78,13672.03,136562.8690677244
2026-08-08,VISTA EURO CASH,1867756062.65,13676.89,136562.92202759546
2026-08-09,VISTA EURO CASH,1867930864.4,13678.17,136562.9221160433
2026-08-10,VISTA EURO CASH,1867984257.96,13678.57,136562.83207674487
2026-08-11,VISTA EURO CASH,1871140877.18,13701.68,136562.87967460926
2026-08-12,VISTA EURO CASH,1867760678.76,13713.54,136198.28860819305
2026-08-13,VISTA EURO CASH,1860499081.12,13660.22,136198.3248527476
2026-08-14,VISTA EURO CASH,1856611214.84,13631.68,136198.26865360688
2026-08-15,VISTA EURO CASH,1855848145.02,13626.08,136198.24226923665
2026-08-16,VISTA EURO CASH,1855528373.9,13623.73,136198.2639042318
2026-08-17,VISTA EURO CASH,1855729207.53,13625.2,136198.3095682999
2026-08-18,VISTA EURO CASH,1855508866.49,13623.37,136200.43106000937
2026-08-19,VISTA EURO CASH,1858011544.87,13641.74,136200.48064763
2026-08-20,VISTA EURO CASH,1859195714.55,13650.43,136200.5236867996
2026-08-21,VISTA EURO CASH,1861067651.98,13664.18,136200.46369266213
2026-08-22,VISTA EURO CASH,1861280233.7,13665.74,136200.4716685668
2026-08-23,VISTA EURO CASH,1861450639.8,13666.99,136200.4830471084
2026-08-24,VISTA EURO CASH,1863145924.83,13668.63,136308.16876526762
2026-08-25,VISTA EURO CASH,1863399818.82,13670.49,136308.1951575986
2026-08-26,VISTA EURO CASH,1863644834.07,13672.29,136308.17032625843
2026-08-27,VISTA EURO CASH,1860465724.48,13648.97,136308.14079597217
2026-08-28,VISTA EURO CASH,1859482378.31,13641.75,136308.1993373284
2026-08-29,VISTA EURO CASH,1859171516.38,13639.47,136308.19352804765
2026-08-30,VISTA EURO CASH,1858862757.88,13637.21,136308.14205251663
2026-08-31,VISTA EURO CASH,1858350161.2,13633.45,136308.13632646174
2026-09-01,VISTA EURO CASH,1858256015.89,13632.76,136308.129526963
2026-09-02,VISTA EURO CASH,1858037507.17,13631.15,136308.19902722808
2026-09-03,VISTA EURO CASH,1658095527.77,13631.58,121636.34206526316
2026-09-04,VISTA EURO CASH,1656399212.94,13617.63,121636.37967399615
2026-09-05,VISTA EURO CASH,1656567877.58,13619.02,121636.34957434528
2026-09-06,VISTA EURO CASH,1656737670.88,13620.42,121636.31304174174
2026-09-07,VISTA EURO CASH,1658735981.91,13627.18,121722.61479704532
2026-09-08,VISTA EURO CASH,1692871901.51,13629.12,124209.91975343968
2026-09-09,VISTA EURO CASH,1692943566.49,13629.7,124209.89210987769
2026-09-10,VISTA EURO CASH,1693190600.06,13631.69,124209.88153779904
2026-09-11,VISTA EURO CASH,1699011168.02,13678.55,124209.88833026894
2026-09-12,VISTA EURO CASH,1701558292.05,13699.06,124209.85761431807
2026-09-13,VISTA EURO CASH,1697457274.57,13666.04,124209.88629990838
2026-09-14,VISTA EURO CASH,1695403878.39,13649.51,124209.87115215126
2026-09-15,VISTA EURO CASH,1693758734.39,13636.26,124209.91785064233
2026-09-16,VISTA EURO CASH,1692887300.31,13630.06,124202.48335737333
2026-09-17,VISTA EURO CASH,1693395251.81,13640.27,124146.75455911063
2026-09-18,VISTA EURO CASH,1694177435.24,13646.09,124151.12572465812
2026-09-19,VISTA EURO CASH,1694803654.98,13651.13,124151.16221001485
2026-09-20,VISTA EURO CASH,1695394010.81,13655.89,124151.11800182925
2026-09-21,VISTA EURO CASH,1695915236.76,13657.67,124173.1010311422
2026-09-22,VISTA EURO CASH,1696211432.21,13660.05,124173.14960120937
2026-09-23,VISTA EURO CASH,1697904393.96,13673.69,124173.09401924425
2026-09-24,VISTA EURO CASH,1698814820.47,13681.02,124173.11139593393
2026-09-25,VISTA EURO CASH,1699950720.9,13690.17,124173.09068477602
2026-09-26,VISTA EURO CASH,1701605346.46,13703.49,124173.137387629
2026-09-27,VISTA EURO CASH,1700764091.86,13696.72,124173.09340192396
2026-09-28,VISTA EURO CASH,1700562575.33,13695.09,124173.15806832959
2026-09-29,VISTA EURO CASH,1651650319.52,13710.7,120464.33220185693
2026-09-30,VISTA EURO CASH,1657884162.0,13710.23,120923.14731408592
2026-10-01,VISTA EURO CASH,1657617376.45,13708.03,120923.09226416925
2026-10-02,VISTA EURO CASH,1657811596.63,13709.63,120923.14647660077
2026-10-03,VISTA EURO CASH,1657522436.43,13707.24,120923.1352504224
2026-10-04,VISTA EURO CASH,1657668139.72,13708.45,120923.09048214786
2026-10-05,VISTA EURO CASH,1657243228.09,13704.93,120923.14430573523
2026-06-28,VISTA RICA ORIGIN,302273684.25,12052.43,25079.895444321188
2026-06-29,VISTA RICA ORIGIN,299227010.18,11930.95,25079.89809528998
2026-06-30,VISTA RICA ORIGIN,304094044.37,11978.63,25386.379274591505
2026-07-01,VISTA RICA ORIGIN,333143947.36,11949.3,27879.787716435276
2026-07-02,VISTA RICA ORIGIN,338731792.81,12149.73,27879.77945271212
2026-07-03,VISTA RICA ORIGIN,337339491.61,12099.79,27879.780691235137
2026-07-04,VISTA RICA ORIGIN,337325012.66,12099.27,27879.78222322504
2026-07-05,VISTA RICA ORIGIN,337310535.7,12098.75,27879.783919826426
2026-07-06,VISTA RICA ORIGIN,341375537.18,12244.56,27879.771684731833
2026-07-07,VISTA RICA ORIGIN,335417596.28,12030.86,27879.768884352405
2026-07-08,VISTA RICA ORIGIN,332237802.33,11916.8,27879.783358787594
2026-07-09,VISTA RICA ORIGIN,336556014.45,12058.39,27910.526566979504
2026-07-10,VISTA RICA ORIGIN,338455760.1,12054.8,28076.430973554106
2026-07-11,VISTA RICA ORIGIN,338449011.29,12054.56,28076.43010528796
2026-07-12,VISTA RICA ORIGIN,338442265.67,12054.32,28076.429501622657
2026-07-13,VISTA RICA ORIGIN,332585753.83,11845.37,28077.27861856573
2026-07-14,VISTA RICA ORIGIN,338698683.84,12063.09,28077.274051673325
2026-07-15,VISTA RICA ORIGIN,336104932.63,11970.71,28077.276337827916
2026-07-16,VISTA RICA ORIGIN,329285661.38,11727.84,28077.264132184613
2026-07-17,VISTA RICA ORIGIN,330508410.73,11771.39,28077.26281518156
2026-07-18,VISTA RICA ORIGIN,330502221.78,11771.17,28077.261799804095
2026-07-19,VISTA RICA ORIGIN,330496035.98,11770.95,28077.26105199665
2026-07-20,VISTA RICA ORIGIN,330518916.35,11771.76,28077.272757004903
2026-07-21,VISTA RICA ORIGIN,338643793.55,12061.14,28077.262476847132
2026-07-22,VISTA RICA ORIGIN,342503808.44,12198.62,28077.258611219957
2026-07-23,VISTA RICA ORIGIN,336509702.08,11985.13,28077.267587418744
2026-07-24,VISTA RICA ORIGIN,337706206.79,12027.74,28077.278590159083
2026-07-25,VISTA RICA ORIGIN,337699550.57,12027.51,28077.262090823453
2026-07-26,VISTA RICA ORIGIN,337692897.57,12027.27,28077.269203235646
2026-07-27,VISTA RICA ORIGIN,338674316.14,12062.22,28077.278986786845
2026-07-28,VISTA RICA ORIGIN,335546101.17,11950.81,28077.26850062883
2026-07-29,VISTA RICA ORIGIN,364423630.22,11933.88,30536.894138369084
2026-07-30,VISTA RICA ORIGIN,369616613.97,12102.01,30541.754135883213
2026-07-31,VISTA RICA ORIGIN,364661558.63,11936.5,30550.124293553385
2026-08-01,VISTA RICA ORIGIN,364653225.8,11936.22,30550.14282578572
2026-08-02,VISTA RICA ORIGIN,364644896.25,11935.95,30550.13603860606
2026-08-03,VISTA RICA ORIGIN,364505682.21,11931.23,30550.553648701767
2026-08-04,VISTA RICA ORIGIN,370698918.48,12133.95,30550.555959106474
2026-08-05,VISTA RICA ORIGIN,380753912.56,12456.53,30566.611452788216
2026-08-06,VISTA RICA ORIGIN,380269098.18,12424.31,30606.858504013504
2026-08-07,VISTA RICA ORIGIN,387566903.17,12662.42,30607.648709330446
2026-08-08,VISTA RICA ORIGIN,387558005.52,12662.13,30607.64701673415
2026-08-09,VISTA RICA ORIGIN,387549111.21,12661.84,30607.64558784505
2026-08-10,VISTA RICA ORIGIN,390988556.68,12774.21,30607.65062418733
2026-08-11,VISTA RICA ORIGIN,389237151.28,12716.99,30607.647822322735
2026-08-12,VISTA RICA ORIGIN,391418449.99,12788.23,30607.711152364325
2026-08-13,VISTA RICA ORIGIN,386236538.5,12618.93,30607.70909260928
2026-08-14,VISTA RICA ORIGIN,387449768.91,12658.56,30607.728597091616
2026-08-15,VISTA RICA ORIGIN,387440898.07,12658.27,30607.729023792348
2026-08-16,VISTA RICA ORIGIN,387432030.56,12657.98,30607.729713587793
2026-08-17,VISTA RICA ORIGIN,390176061.5,12747.64,30607.70946622277
2026-08-18,VISTA RICA ORIGIN,384506684.83,12562.41,30607.716579064047
2026-08-19,VISTA RICA ORIGIN,395116556.04,12909.05,30607.717534597825
2026-08-20,VISTA RICA ORIGIN,396060877.62,12939.9,30607.723214244314
2026-08-21,VISTA RICA ORIGIN,403125995.67,13170.73,30607.718453722766
2026-08-22,VISTA RICA ORIGIN,403116076.22,13170.41,30607.708964261554
2026-08-23,VISTA RICA ORIGIN,403106160.16,13170.08,30607.722972070027
2026-08-24,VISTA RICA ORIGIN,404454139.16,13214.12,30607.724098161663
2026-08-25,VISTA RICA ORIGIN,407128109.99,13301.48,30607.730116498315
2026-08-26,VISTA RICA ORIGIN,402802583.28,13160.16,30607.726903016373
2026-08-27,VISTA RICA ORIGIN,405078573.94,13234.52,30607.726909627247
2026-08-28,VISTA RICA ORIGIN,396488234.34,12953.86,30607.728842213823
2026-08-29,VISTA RICA ORIGIN,396478776.71,12953.56,30607.707588493045
2026-08-30,VISTA RICA ORIGIN,396469322.47,12953.25,30607.710224847047
2026-08-31,VISTA RICA ORIGIN,396999545.73,12967.14,30615.813952035685
2026-09-01,VISTA RICA ORIGIN,387448242.05,12655.0,30616.21825760569
2026-09-02,VISTA RICA ORIGIN,392596976.71,12823.17,30616.218665899305
2026-09-03,VISTA RICA ORIGIN,398048492.12,12994.7,30631.603047396246
2026-09-04,VISTA RICA ORIGIN,394530127.66,12879.84,30631.601608405075
2026-09-05,VISTA RICA ORIGIN,394518841.97,12879.47,30631.605335468
2026-09-06,VISTA RICA ORIGIN,394507559.78,12879.1,30631.609334503184
2026-09-07,VISTA RICA ORIGIN,394944967.95,12891.42,30636.265667397383
2026-09-08,VISTA RICA ORIGIN,392938471.44,12824.3,30640.14967210686
2026-09-09,VISTA RICA ORIGIN,396005073.32,12924.38,30640.1601717065
2026-09-10,VISTA RICA ORIGIN,386583603.27,12616.89,30640.16594184462
2026-09-11,VISTA RICA ORIGIN,388896711.19,12692.39,30640.1482455235
2026-09-12,VISTA RICA ORIGIN,388885809.88,12692.03,30640.15842067817
2026-09-13,VISTA RICA ORIGIN,388874912.05,12691.68,30640.144728672643
2026-09-14,VISTA RICA ORIGIN,384446226.46,12547.14,30640.147990697482
2026-09-15,VISTA RICA ORIGIN,385810764.99,12591.67,30640.158532585432
2026-09-16,VISTA RICA ORIGIN,383679286.71,12522.11,30640.146645413588
2026-09-17,VISTA RICA ORIGIN,391793037.17,12786.91,30640.165385538807
2026-09-18,VISTA RICA ORIGIN,393542618.82,12842.38,30644.0565393642
2026-09-19,VISTA RICA ORIGIN,393531429.55,12842.02,30644.04428197433
2026-09-20,VISTA RICA ORIGIN,393520243.79,12841.65,30644.056160228633
2026-09-21,VISTA RICA ORIGIN,392270451.48,12800.87,30644.046184360905
2026-09-22,VISTA RICA ORIGIN,395693925.0,12912.59,30644.04004154085
2026-09-23,VISTA RICA ORIGIN,385418280.12,12711.83,30319.653434635296
2026-09-24,VISTA RICA ORIGIN,385100850.67,12699.21,30324.78797263767
2026-09-25,VISTA RICA ORIGIN,386991339.23,12761.55,30324.791207180948
2026-09-26,VISTA RICA ORIGIN,386980607.9,12761.2,30324.781987587372
2026-09-27,VISTA RICA ORIGIN,386969880.02,12760.84,30324.79680177794
2026-09-28,VISTA RICA ORIGIN,375747068.32,12390.76,30324.77978106266
2026-09-29,VISTA RICA ORIGIN,379396677.52,12510.45,30326.381346794078
2026-09-30,VISTA RICA ORIGIN,377900888.32,12454.53,30342.444742595664
2026-10-01,VISTA RICA ORIGIN,378661701.21,12479.44,30342.84400662209
2026-10-02,VISTA RICA ORIGIN,380445948.52,12534.95,30350.81500285202
2026-10-03,VISTA RICA ORIGIN,380435171.18,12534.59,30350.826886240397
2026-10-04,VISTA RICA ORIGIN,380424397.3,12534.24,30350.814832012155
2026-10-05,VISTA RICA ORIGIN,382479635.79,12598.33,30359.55049518468
